ab_id,pitcher_id,p_throws
2019002560,592789,R
2019002561,592789,R
2019002562,592789,R
2019002563,544931,R
2019002564,544931,R
2019002565,544931,R
2019002566,544931,R
2019002567,592789,R
2019002568,592789,R
2019002569,592789,R
2019002570,544931,R
2019002571,544931,R
2019002572,544931,R
2019002573,592789,R
2019002574,592789,R
2019002575,592789,R
2019002576,592789,R
2019002577,544931,R
2019002578,544931,R
2019002579,544931,R
2019002580,592789,R
2019002581,592789,R
2019002582,592789,R
2019002583,592789,R
2019002584,448609,L
2019002585,448609,L
2019002586,448609,L
2019002587,448609,L
2019002588,458677,L
2019002589,458677,L
2019002590,458677,L
2019002591,572096,R
2019002592,572096,R
2019002593,572096,R
2019002594,572096,R
2019002595,607457,R
2019002596,607457,R
2019002597,607457,R
2019002598,594840,L
2019002599,544727,R
2019002600,544727,R
2019002601,544727,R
2019002602,544727,R
2019002603,544727,R
2019002604,607625,R
2019002605,594840,L
2019002606,593833,R
2019002607,593833,R
2019002608,593833,R
2019002609,593833,R
2019002610,593833,R
2019002611,593833,R
2019002612,607625,R
2019002613,607625,R
2019002614,607625,R
2019002615,607625,R
2019002616,607625,R
2019002617,607625,R
2019002618,607625,R
2019002619,621242,R
2019002620,676606,L
2019002621,676606,L
2019002622,676606,L
2019002623,676606,L
2019002624,605446,R
2019002625,605446,R
2019002626,605446,R
2019002627,676606,L
2019002628,676606,L
2019002629,676606,L
2019002630,676606,L
2019002631,605446,R
2019002632,605446,R
2019002633,605446,R
2019002634,605446,R
2019002635,676606,L
2019002636,676606,L
2019002637,676606,L
2019002638,676606,L
2019002639,605446,R
2019002640,605446,R
2019002641,605446,R
2019002642,676606,L
2019002643,676606,L
2019002644,676606,L
2019002645,605446,R
2019002646,605446,R
2019002647,605446,R
2019002648,676606,L
2019002649,676606,L
2019002650,676606,L
2019002651,605446,R
2019002652,605446,R
2019002653,605446,R
2019002654,605446,R
2019002655,676606,L
2019002656,476594,R
2019002657,476594,R
2019002658,476594,R
2019002659,572362,L
2019002660,572362,L
2019002661,572362,L
2019002662,572362,L
2019002663,605446,R
2019002664,605446,R
2019002665,664157,L
2019002666,606625,R
2019002667,606625,R
2019002668,606625,R
2019002669,572362,L
2019002670,572362,L
2019002671,572362,L
2019002672,606625,R
2019002673,606625,R
2019002674,606625,R
2019002675,606625,R
2019002676,571901,L
2019002677,571901,L
2019002678,571901,L
2019002679,571901,L
2019002680,571901,L
2019002681,571901,L
2019002682,453265,L
2019002683,453265,L
2019002684,453265,L
2019002685,453265,L
2019002686,453265,L
2019002687,664208,R
2019002688,664208,R
2019002689,664208,R
2019002690,664208,R
2019002691,519293,L
2019002692,519293,L
2019002693,519293,L
2019002694,605540,R
2019002695,605540,R
2019002696,605540,R
2019002697,641712,R
2019002698,641712,R
2019002699,641712,R
2019002700,641712,R
2019002701,641712,R
2019002702,641712,R
2019002703,605540,R
2019002704,605540,R
2019002705,605540,R
2019002706,605540,R
2019002707,641712,R
2019002708,641712,R
2019002709,641712,R
2019002710,641712,R
2019002711,605540,R
2019002712,605540,R
2019002713,605540,R
2019002714,605540,R
2019002715,605540,R
2019002716,641712,R
2019002717,641712,R
2019002718,641712,R
2019002719,641712,R
2019002720,641712,R
2019002721,641712,R
2019002722,605540,R
2019002723,605540,R
2019002724,605540,R
2019002725,605540,R
2019002726,605540,R
2019002727,605540,R
2019002728,641712,R
2019002729,641712,R
2019002730,641712,R
2019002731,641712,R
2019002732,605540,R
2019002733,605540,R
2019002734,605540,R
2019002735,605540,R
2019002736,641712,R
2019002737,641712,R
2019002738,641712,R
2019002739,594577,R
2019002740,594577,R
2019002741,594577,R
2019002742,448855,R
2019002743,448855,R
2019002744,448855,R
2019002745,594577,R
2019002746,594577,R
2019002747,594577,R
2019002748,594577,R
2019002749,592222,L
2019002750,592222,L
2019002751,592222,L
2019002752,543935,R
2019002753,608678,R
2019002754,608678,R
2019002755,608678,R
2019002756,543935,R
2019002757,543935,R
2019002758,543935,R
2019002759,608678,R
2019002760,608678,R
2019002761,608678,R
2019002762,608678,R
2019002763,608678,R
2019002764,623352,L
2019002765,623352,L
2019002766,623352,L
2019002767,593423,R
2019002768,593423,R
2019002769,593423,R
2019002770,593423,R
2019002771,572140,L
2019002772,572140,L
2019002773,572140,L
2019002774,593423,R
2019002775,593423,R
2019002776,593423,R
2019002777,572140,L
2019002778,572140,L
2019002779,572140,L
2019002780,593423,R
2019002781,593423,R
2019002782,593423,R
2019002783,572140,L
2019002784,572140,L
2019002785,572140,L
2019002786,572140,L
2019002787,572140,L
2019002788,572140,L
2019002789,593423,R
2019002790,593423,R
2019002791,593423,R
2019002792,572140,L
2019002793,572140,L
2019002794,572140,L
2019002795,572140,L
2019002796,593423,R
2019002797,593423,R
2019002798,593423,R
2019002799,572140,L
2019002800,572140,L
2019002801,572140,L
2019002802,621142,R
2019002803,621142,R
2019002804,593423,R
2019002805,593423,R
2019002806,593423,R
2019002807,593423,R
2019002808,621142,R
2019002809,621142,R
2019002810,621142,R
2019002811,593423,R
2019002812,642152,R
2019002813,642152,R
2019002814,642152,R
2019002815,570663,R
2019002816,570663,R
2019002817,570663,R
2019002818,570663,R
2019002819,465657,R
2019002820,465657,R
2019002821,465657,R
2019002822,472610,R
2019002823,472610,R
2019002824,472610,R
2019002825,472610,R
2019002826,472610,R
2019002827,472610,R
2019002828,595014,R
2019002829,595014,R
2019002830,595014,R
2019002831,595014,R
2019002832,621111,R
2019002833,621111,R
2019002834,621111,R
2019002835,596133,R
2019002836,596133,R
2019002837,596133,R
2019002838,596133,R
2019002839,596133,R
2019002840,596133,R
2019002841,596133,R
2019002842,621111,R
2019002843,621111,R
2019002844,621111,R
2019002845,596133,R
2019002846,596133,R
2019002847,596133,R
2019002848,621111,R
2019002849,621111,R
2019002850,621111,R
2019002851,621111,R
2019002852,596133,R
2019002853,596133,R
2019002854,596133,R
2019002855,596133,R
2019002856,596133,R
2019002857,621111,R
2019002858,621111,R
2019002859,621111,R
2019002860,621111,R
2019002861,621111,R
2019002862,520980,R
2019002863,520980,R
2019002864,520980,R
2019002865,520980,R
2019002866,520980,R
2019002867,596133,R
2019002868,596133,R
2019002869,596133,R
2019002870,596133,R
2019002871,596133,R
2019002872,596133,R
2019002873,518397,L
2019002874,518397,L
2019002875,518397,L
2019002876,596133,R
2019002877,596133,R
2019002878,661255,R
2019002879,661255,R
2019002880,661255,R
2019002881,661255,R
2019002882,554340,R
2019002883,554340,R
2019002884,554340,R
2019002885,554340,R
2019002886,661255,R
2019002887,661255,R
2019002888,661255,R
2019002889,657571,L
2019002890,657571,L
2019002891,657571,L
2019002892,657571,L
2019002893,657571,L
2019002894,605151,R
2019002895,605151,R
2019002896,605151,R
2019002897,605151,R
2019002898,605151,R
2019002899,571670,R
2019002900,571670,R
2019002901,571670,R
2019002902,571670,R
2019002903,571670,R
2019002904,673633,R
2019002905,673633,R
2019002906,673633,R
2019002907,673633,R
2019002908,673633,R
2019002909,673633,R
2019002910,445276,R
2019002911,445276,R
2019002912,445276,R
2019002913,453562,R
2019002914,453562,R
2019002915,453562,R
2019002916,453562,R
2019002917,657140,R
2019002918,657140,R
2019002919,657140,R
2019002920,657140,R
2019002921,657140,R
2019002922,657140,R
2019002923,453562,R
2019002924,453562,R
2019002925,453562,R
2019002926,453562,R
2019002927,453562,R
2019002928,453562,R
2019002929,657140,R
2019002930,657140,R
2019002931,657140,R
2019002932,453562,R
2019002933,453562,R
2019002934,453562,R
2019002935,453562,R
2019002936,453562,R
2019002937,657140,R
2019002938,657140,R
2019002939,657140,R
2019002940,657140,R
2019002941,657140,R
2019002942,453562,R
2019002943,453562,R
2019002944,453562,R
2019002945,657140,R
2019002946,657140,R
2019002947,657140,R
2019002948,453562,R
2019002949,453562,R
2019002950,453562,R
2019002951,453562,R
2019002952,453562,R
2019002953,657140,R
2019002954,657140,R
2019002955,657140,R
2019002956,608331,L
2019002957,608331,L
2019002958,608331,L
2019002959,608331,L
2019002960,453562,R
2019002961,453562,R
2019002962,453562,R
2019002963,641438,R
2019002964,641438,R
2019002965,641438,R
2019002966,641438,R
2019002967,641438,R
2019002968,605388,L
2019002969,605388,L
2019002970,605388,L
2019002971,641438,R
2019002972,641438,R
2019002973,592426,R
2019002974,592426,R
2019002975,592426,R
2019002976,592426,R
2019002977,592426,R
2019002978,450212,R
2019002979,450212,R
2019002980,450212,R
2019002981,450212,R
2019002982,592426,R
2019002983,592426,R
2019002984,592426,R
2019002985,593576,R
2019002986,593576,R
2019002987,593576,R
2019002988,457918,L
2019002989,457918,L
2019002990,457918,L
2019002991,457918,L
2019002992,457918,L
2019002993,457918,L
2019002994,457918,L
2019002995,605164,R
2019002996,605164,R
2019002997,605164,R
2019002998,605164,R
2019002999,457918,L
2019003000,457918,L
2019003001,457918,L
2019003002,605164,R
2019003003,605164,R
2019003004,605164,R
2019003005,457918,L
2019003006,457918,L
2019003007,457918,L
2019003008,457918,L
2019003009,605164,R
2019003010,605164,R
2019003011,605164,R
2019003012,605164,R
2019003013,605164,R
2019003014,605164,R
2019003015,457918,L
2019003016,457918,L
2019003017,457918,L
2019003018,605164,R
2019003019,605164,R
2019003020,605164,R
2019003021,605164,R
2019003022,605164,R
2019003023,607644,L
2019003024,607644,L
2019003025,607644,L
2019003026,570666,R
2019003027,570666,R
2019003028,570666,R
2019003029,570666,R
2019003030,570666,R
2019003031,607644,L
2019003032,607644,L
2019003033,607644,L
2019003034,607644,L
2019003035,570666,R
2019003036,570666,R
2019003037,570666,R
2019003038,570666,R
2019003039,607644,L
2019003040,607644,L
2019003041,607644,L
2019003042,607644,L
2019003043,607644,L
2019003044,570666,R
2019003045,570666,R
2019003046,570666,R
2019003047,607644,L
2019003048,607644,L
2019003049,607644,L
2019003050,607644,L
2019003051,570666,R
2019003052,570666,R
2019003053,605501,L
2019003054,605501,L
2019003055,605501,L
2019003056,605501,L
2019003057,571710,R
2019003058,571710,R
2019003059,571710,R
2019003060,571710,R
2019003061,571710,R
2019003062,571710,R
2019003063,592454,R
2019003064,592454,R
2019003065,592454,R
2019003066,592454,R
2019003067,592454,R
2019003068,592454,R
2019003069,571710,R
2019003070,571710,R
2019003071,571710,R
2019003072,571710,R
2019003073,571710,R
2019003074,643316,L
2019003075,453281,L
2019003076,453281,L
2019003077,453281,L
2019003078,453281,L
2019003079,453281,L
2019003080,453281,L
2019003081,453281,L
2019003082,453281,L
2019003083,519144,R
2019003084,519144,R
2019003085,519144,R
2019003086,453281,L
2019003087,453281,L
2019003088,453281,L
2019003089,519144,R
2019003090,519144,R
2019003091,519144,R
2019003092,519144,R
2019003093,519144,R
2019003094,519144,R
2019003095,519144,R
2019003096,453281,L
2019003097,453281,L
2019003098,453281,L
2019003099,453281,L
2019003100,453281,L
2019003101,519144,R
2019003102,519144,R
2019003103,519144,R
2019003104,519144,R
2019003105,519144,R
2019003106,519144,R
2019003107,519144,R
2019003108,519144,R
2019003109,519144,R
2019003110,598271,L
2019003111,598271,L
2019003112,453281,L
2019003113,453281,L
2019003114,453281,L
2019003115,453281,L
2019003116,453281,L
2019003117,453281,L
2019003118,453281,L
2019003119,598271,L
2019003120,598271,L
2019003121,598271,L
2019003122,598271,L
2019003123,598271,L
2019003124,453281,L
2019003125,453281,L
2019003126,453281,L
2019003127,598271,L
2019003128,598271,L
2019003129,598271,L
2019003130,598271,L
2019003131,598271,L
2019003132,453281,L
2019003133,592705,R
2019003134,592705,R
2019003135,592705,R
2019003136,519443,R
2019003137,519443,R
2019003138,519443,R
2019003139,519443,R
2019003140,670036,R
2019003141,670036,R
2019003142,670036,R
2019003143,605155,R
2019003144,605155,R
2019003145,605155,R
2019003146,605155,R
2019003147,605155,R
2019003148,605155,R
2019003149,670036,R
2019003150,670036,R
2019003151,670036,R
2019003152,670036,R
2019003153,606273,L
2019003154,518489,R
2019003155,518489,R
2019003156,518489,R
2019003157,518489,R
2019003158,518715,R
2019003159,518715,R
2019003160,518715,R
2019003161,518715,R
2019003162,607473,R
2019003163,607473,R
2019003164,607473,R
2019003165,605347,R
2019003166,605347,R
2019003167,605347,R
2019003168,608337,R
2019003169,608337,R
2019003170,608337,R
2019003171,608337,R
2019003172,605347,R
2019003173,605347,R
2019003174,605347,R
2019003175,608337,R
2019003176,608337,R
2019003177,608337,R
2019003178,605347,R
2019003179,605347,R
2019003180,605347,R
2019003181,605347,R
2019003182,608337,R
2019003183,608337,R
2019003184,608337,R
2019003185,605347,R
2019003186,605347,R
2019003187,605347,R
2019003188,605347,R
2019003189,605347,R
2019003190,608337,R
2019003191,608337,R
2019003192,608337,R
2019003193,605347,R
2019003194,605347,R
2019003195,605347,R
2019003196,608337,R
2019003197,608337,R
2019003198,608337,R
2019003199,605347,R
2019003200,605347,R
2019003201,605347,R
2019003202,657612,L
2019003203,657612,L
2019003204,657612,L
2019003205,641838,R
2019003206,608337,R
2019003207,608337,R
2019003208,608337,R
2019003209,641838,R
2019003210,641838,R
2019003211,641838,R
2019003212,641838,R
2019003213,641838,R
2019003214,641838,R
2019003215,641838,R
2019003216,608337,R
2019003217,608337,R
2019003218,608337,R
2019003219,608337,R
2019003220,608337,R
2019003221,621114,R
2019003222,622092,R
2019003223,622092,R
2019003224,622092,R
2019003225,622092,R
2019003226,516969,R
2019003227,516969,R
2019003228,516969,R
2019003229,516969,R
2019003230,516969,R
2019003231,516969,R
2019003232,595939,R
2019003233,595939,R
2019003234,595939,R
2019003235,595939,R
2019003236,595939,R
2019003237,517008,R
2019003238,517008,R
2019003239,517008,R
2019003240,458681,R
2019003241,458681,R
2019003242,458681,R
2019003243,430935,L
2019003244,430935,L
2019003245,430935,L
2019003246,430935,L
2019003247,458681,R
2019003248,458681,R
2019003249,458681,R
2019003250,458681,R
2019003251,430935,L
2019003252,430935,L
2019003253,430935,L
2019003254,430935,L
2019003255,458681,R
2019003256,458681,R
2019003257,458681,R
2019003258,458681,R
2019003259,458681,R
2019003260,458681,R
2019003261,458681,R
2019003262,430935,L
2019003263,430935,L
2019003264,430935,L
2019003265,430935,L
2019003266,458681,R
2019003267,458681,R
2019003268,458681,R
2019003269,458681,R
2019003270,458681,R
2019003271,458681,R
2019003272,430935,L
2019003273,430935,L
2019003274,430935,L
2019003275,430935,L
2019003276,430935,L
2019003277,430935,L
2019003278,430935,L
2019003279,430935,L
2019003280,458681,R
2019003281,458681,R
2019003282,458681,R
2019003283,430935,L
2019003284,430935,L
2019003285,430935,L
2019003286,430935,L
2019003287,458681,R
2019003288,458681,R
2019003289,458681,R
2019003290,458681,R
2019003291,458681,R
2019003292,445926,R
2019003293,445926,R
2019003294,445926,R
2019003295,613317,L
2019003296,613317,L
2019003297,543022,R
2019003298,543022,R
2019003299,543022,R
2019003300,543022,R
2019003301,613317,L
2019003302,613317,L
2019003303,613317,L
2019003304,613317,L
2019003305,455119,R
2019003306,543022,R
2019003307,543022,R
2019003308,543022,R
2019003309,543022,R
2019003310,543557,L
2019003311,543557,L
2019003312,543557,L
2019003313,518553,R
2019003314,455119,R
2019003315,455119,R
2019003316,455119,R
2019003317,455119,R
2019003318,455119,R
2019003319,600917,R
2019003320,518553,R
2019003321,518553,R
2019003322,518553,R
2019003323,600917,R
2019003324,600917,R
2019003325,600917,R
2019003326,467008,R
2019003327,467008,R
2019003328,467008,R
2019003329,501381,R
2019003330,501381,R
2019003331,501381,R
2019003332,471911,R
2019003333,471911,R
2019003334,471911,R
2019003335,471911,R
2019003336,501381,R
2019003337,501381,R
2019003338,501381,R
2019003339,471911,R
2019003340,471911,R
2019003341,471911,R
2019003342,471911,R
2019003343,471911,R
2019003344,501381,R
2019003345,501381,R
2019003346,501381,R
2019003347,471911,R
2019003348,471911,R
2019003349,471911,R
2019003350,471911,R
2019003351,501381,R
2019003352,501381,R
2019003353,501381,R
2019003354,471911,R
2019003355,471911,R
2019003356,471911,R
2019003357,471911,R
2019003358,471911,R
2019003359,471911,R
2019003360,527048,L
2019003361,527048,L
2019003362,527048,L
2019003363,527048,L
2019003364,527048,L
2019003365,471911,R
2019003366,471911,R
2019003367,471911,R
2019003368,471911,R
2019003369,519166,R
2019003370,519166,R
2019003371,519166,R
2019003372,519166,R
2019003373,527048,L
2019003374,527048,L
2019003375,527048,L
2019003376,527048,L
2019003377,519096,R
2019003378,519096,R
2019003379,519096,R
2019003380,519096,R
2019003381,527048,L
2019003382,527048,L
2019003383,527048,L
2019003384,527048,L
2019003385,669456,R
2019003386,669456,R
2019003387,669456,R
2019003388,527048,L
2019003389,527048,L
2019003390,527048,L
2019003391,527048,L
2019003392,527048,L
2019003393,527048,L
2019003394,657610,R
2019003395,669456,R
2019003396,669456,R
2019003397,669456,R
2019003398,669456,R
2019003399,669456,R
2019003400,607560,R
2019003401,607560,R
2019003402,607560,R
2019003403,607560,R
2019003404,607560,R
2019003405,645261,R
2019003406,645261,R
2019003407,645261,R
2019003408,592351,R
2019003409,592351,R
2019003410,592351,R
2019003411,592351,R
2019003412,645261,R
2019003413,645261,R
2019003414,645261,R
2019003415,645261,R
2019003416,592351,R
2019003417,592351,R
2019003418,592351,R
2019003419,645261,R
2019003420,645261,R
2019003421,645261,R
2019003422,645261,R
2019003423,592351,R
2019003424,592351,R
2019003425,592351,R
2019003426,645261,R
2019003427,645261,R
2019003428,645261,R
2019003429,592351,R
2019003430,592351,R
2019003431,592351,R
2019003432,592351,R
2019003433,592351,R
2019003434,592351,R
2019003435,645261,R
2019003436,645261,R
2019003437,645261,R
2019003438,592351,R
2019003439,592351,R
2019003440,592351,R
2019003441,645261,R
2019003442,645261,R
2019003443,645261,R
2019003444,592351,R
2019003445,592351,R
2019003446,592351,R
2019003447,592351,R
2019003448,645261,R
2019003449,645261,R
2019003450,645261,R
2019003451,645261,R
2019003452,592351,R
2019003453,592351,R
2019003454,592351,R
2019003455,643466,L
2019003456,645261,R
2019003457,645261,R
2019003458,645261,R
2019003459,643466,L
2019003460,643466,L
2019003461,451584,R
2019003462,451584,R
2019003463,612672,L
2019003464,612672,L
2019003465,489265,R
2019003466,489265,R
2019003467,489265,R
2019003468,663423,R
2019003469,663423,R
2019003470,663423,R
2019003471,663423,R
2019003472,519043,L
2019003473,519043,L
2019003474,519043,L
2019003475,663423,R
2019003476,663423,R
2019003477,663423,R
2019003478,519043,L
2019003479,519043,L
2019003480,519043,L
2019003481,663423,R
2019003482,663423,R
2019003483,663423,R
2019003484,519043,L
2019003485,519043,L
2019003486,519043,L
2019003487,663423,R
2019003488,663423,R
2019003489,663423,R
2019003490,663423,R
2019003491,519043,L
2019003492,519043,L
2019003493,519043,L
2019003494,663423,R
2019003495,663423,R
2019003496,663423,R
2019003497,519043,L
2019003498,519043,L
2019003499,519043,L
2019003500,543208,R
2019003501,543208,R
2019003502,543208,R
2019003503,543208,R
2019003504,519043,L
2019003505,519043,L
2019003506,519043,L
2019003507,519043,L
2019003508,519043,L
2019003509,641835,L
2019003510,641835,L
2019003511,641835,L
2019003512,457915,R
2019003513,457915,R
2019003514,457915,R
2019003515,457915,R
2019003516,672773,R
2019003517,519043,L
2019003518,519043,L
2019003519,519043,L
2019003520,672773,R
2019003521,672773,R
2019003522,672773,R
2019003523,672773,R
2019003524,672773,R
2019003525,641729,R
2019003526,641729,R
2019003527,641729,R
2019003528,641729,R
2019003529,641729,R
2019003530,641729,R
2019003531,571704,R
2019003532,571704,R
2019003533,571704,R
2019003534,571704,R
2019003535,571656,R
2019003536,571656,R
2019003537,571656,R
2019003538,607352,R
2019003539,607352,R
2019003540,607352,R
2019003541,607352,R
2019003542,621385,L
2019003543,621385,L
2019003544,621385,L
2019003545,621385,L
2019003546,623381,L
2019003547,623381,L
2019003548,623381,L
2019003549,623381,L
2019003550,623381,L
2019003551,623381,L
2019003552,572888,R
2019003553,572888,R
2019003554,572888,R
2019003555,572888,R
2019003556,572888,R
2019003557,630023,R
2019003558,630023,R
2019003559,630023,R
2019003560,489119,L
2019003561,489119,L
2019003562,489119,L
2019003563,489119,L
2019003564,489119,L
2019003565,489119,L
2019003566,630023,R
2019003567,630023,R
2019003568,630023,R
2019003569,489119,L
2019003570,489119,L
2019003571,489119,L
2019003572,489119,L
2019003573,630023,R
2019003574,630023,R
2019003575,630023,R
2019003576,630023,R
2019003577,489119,L
2019003578,489119,L
2019003579,489119,L
2019003580,489119,L
2019003581,489119,L
2019003582,630023,R
2019003583,630023,R
2019003584,630023,R
2019003585,489119,L
2019003586,489119,L
2019003587,489119,L
2019003588,630023,R
2019003589,630023,R
2019003590,630023,R
2019003591,489119,L
2019003592,489119,L
2019003593,489119,L
2019003594,630023,R
2019003595,630023,R
2019003596,630023,R
2019003597,489119,L
2019003598,489119,L
2019003599,489119,L
2019003600,489119,L
2019003601,489119,L
2019003602,630023,R
2019003603,630023,R
2019003604,630023,R
2019003605,657624,R
2019003606,657624,R
2019003607,657624,R
2019003608,592473,L
2019003609,475054,R
2019003610,656222,L
2019003611,657624,R
2019003612,657624,R
2019003613,657624,R
2019003614,650895,R
2019003615,650895,R
2019003616,650895,R
2019003617,650895,R
2019003618,571578,L
2019003619,571578,L
2019003620,571578,L
2019003621,571578,L
2019003622,554430,R
2019003623,554430,R
2019003624,554430,R
2019003625,554430,R
2019003626,554430,R
2019003627,571578,L
2019003628,571578,L
2019003629,571578,L
2019003630,571578,L
2019003631,554430,R
2019003632,554430,R
2019003633,554430,R
2019003634,571578,L
2019003635,571578,L
2019003636,571578,L
2019003637,571578,L
2019003638,571578,L
2019003639,554430,R
2019003640,554430,R
2019003641,554430,R
2019003642,554430,R
2019003643,554430,R
2019003644,554430,R
2019003645,571578,L
2019003646,571578,L
2019003647,571578,L
2019003648,571578,L
2019003649,554430,R
2019003650,554430,R
2019003651,554430,R
2019003652,571578,L
2019003653,571578,L
2019003654,571578,L
2019003655,571578,L
2019003656,554430,R
2019003657,554430,R
2019003658,554430,R
2019003659,554430,R
2019003660,554430,R
2019003661,571578,L
2019003662,571578,L
2019003663,571578,L
2019003664,571578,L
2019003665,571578,L
2019003666,607229,R
2019003667,607229,R
2019003668,607229,R
2019003669,607229,R
2019003670,607229,R
2019003671,607229,R
2019003672,502522,R
2019003673,502522,R
2019003674,502522,R
2019003675,607229,R
2019003676,607229,R
2019003677,501593,L
2019003678,501593,L
2019003679,623402,R
2019003680,448609,L
2019003681,448609,L
2019003682,448609,L
2019003683,572096,R
2019003684,448281,L
2019003685,448281,L
2019003686,448281,L
2019003687,448281,L
2019003688,458677,L
2019003689,458677,L
2019003690,458677,L
2019003691,448281,L
2019003692,448281,L
2019003693,448281,L
2019003694,448281,L
2019003695,458677,L
2019003696,458677,L
2019003697,543243,R
2019003698,543243,R
2019003699,543243,R
2019003700,543243,R
2019003701,543243,R
2019003702,543243,R
2019003703,592866,R
2019003704,592866,R
2019003705,592866,R
2019003706,543243,R
2019003707,543243,R
2019003708,543243,R
2019003709,543243,R
2019003710,543243,R
2019003711,543243,R
2019003712,592866,R
2019003713,592866,R
2019003714,592866,R
2019003715,543243,R
2019003716,543243,R
2019003717,543243,R
2019003718,543243,R
2019003719,543243,R
2019003720,543243,R
2019003721,547179,R
2019003722,592866,R
2019003723,592866,R
2019003724,592866,R
2019003725,592866,R
2019003726,547179,R
2019003727,547179,R
2019003728,547179,R
2019003729,592866,R
2019003730,592866,R
2019003731,592866,R
2019003732,547179,R
2019003733,547179,R
2019003734,547179,R
2019003735,547179,R
2019003736,547179,R
2019003737,592866,R
2019003738,592866,R
2019003739,592866,R
2019003740,593974,L
2019003741,593974,L
2019003742,593974,L
2019003743,593974,L
2019003744,593974,L
2019003745,592866,R
2019003746,592866,R
2019003747,592866,R
2019003748,592866,R
2019003749,592866,R
2019003750,596112,R
2019003751,596112,R
2019003752,596112,R
2019003753,605397,R
2019003754,605397,R
2019003755,605397,R
2019003756,596112,R
2019003757,596112,R
2019003758,596112,R
2019003759,596112,R
2019003760,596112,R
2019003761,605397,R
2019003762,605397,R
2019003763,605397,R
2019003764,453172,R
2019003765,453172,R
2019003766,453172,R
2019003767,453172,R
2019003768,553878,L
2019003769,553878,L
2019003770,553878,L
2019003771,553878,L
2019003772,605309,R
2019003773,663978,R
2019003774,663978,R
2019003775,663978,R
2019003776,502188,R
2019003777,502188,R
2019003778,502188,R
2019003779,663978,R
2019003780,663978,R
2019003781,663978,R
2019003782,502188,R
2019003783,502188,R
2019003784,502188,R
2019003785,502188,R
2019003786,502188,R
2019003787,502188,R
2019003788,663978,R
2019003789,663978,R
2019003790,663978,R
2019003791,502188,R
2019003792,502188,R
2019003793,502188,R
2019003794,502188,R
2019003795,663978,R
2019003796,663978,R
2019003797,663978,R
2019003798,502188,R
2019003799,502188,R
2019003800,502188,R
2019003801,663978,R
2019003802,663978,R
2019003803,663978,R
2019003804,663978,R
2019003805,663978,R
2019003806,502188,R
2019003807,502188,R
2019003808,502188,R
2019003809,502188,R
2019003810,502188,R
2019003811,476589,R
2019003812,476589,R
2019003813,476589,R
2019003814,543883,R
2019003815,543883,R
2019003816,543883,R
2019003817,543883,R
2019003818,476589,R
2019003819,476589,R
2019003820,476589,R
2019003821,543883,R
2019003822,543883,R
2019003823,543883,R
2019003824,543883,R
2019003825,473879,R
2019003826,473879,R
2019003827,489334,R
2019003828,489334,R
2019003829,489334,R
2019003830,473879,R
2019003831,473879,R
2019003832,473879,R
2019003833,473879,R
2019003834,473879,R
2019003835,473879,R
2019003836,489446,R
2019003837,489446,R
2019003838,489446,R
2019003839,669203,R
2019003840,669203,R
2019003841,669203,R
2019003842,669203,R
2019003843,608379,R
2019003844,608379,R
2019003845,608379,R
2019003846,608379,R
2019003847,608379,R
2019003848,669203,R
2019003849,669203,R
2019003850,669203,R
2019003851,669203,R
2019003852,608379,R
2019003853,608379,R
2019003854,608379,R
2019003855,669203,R
2019003856,669203,R
2019003857,669203,R
2019003858,669203,R
2019003859,608379,R
2019003860,608379,R
2019003861,608379,R
2019003862,608379,R
2019003863,608379,R
2019003864,669203,R
2019003865,669203,R
2019003866,669203,R
2019003867,669203,R
2019003868,669203,R
2019003869,608379,R
2019003870,608379,R
2019003871,608379,R
2019003872,608379,R
2019003873,608379,R
2019003874,669203,R
2019003875,669203,R
2019003876,669203,R
2019003877,669203,R
2019003878,669203,R
2019003879,608379,R
2019003880,608379,R
2019003881,608379,R
2019003882,608379,R
2019003883,458006,R
2019003884,458006,R
2019003885,458006,R
2019003886,608379,R
2019003887,608379,R
2019003888,608379,R
2019003889,458006,R
2019003890,458006,R
2019003891,458006,R
2019003892,621052,R
2019003893,621052,R
2019003894,621052,R
2019003895,453192,L
2019003896,453192,L
2019003897,453192,L
2019003898,453192,L
2019003899,592865,R
2019003900,592865,R
2019003901,592865,R
2019003902,592865,R
2019003903,453192,L
2019003904,453192,L
2019003905,663855,R
2019003906,606930,R
2019003907,606930,R
2019003908,606930,R
2019003909,606930,R
2019003910,663855,R
2019003911,663855,R
2019003912,663855,R
2019003913,433587,R
2019003914,433587,R
2019003915,433587,R
2019003916,433587,R
2019003917,608717,R
2019003918,608717,R
2019003919,608717,R
2019003920,608717,R
2019003921,608717,R
2019003922,608717,R
2019003923,608717,R
2019003924,608717,R
2019003925,433587,R
2019003926,433587,R
2019003927,433587,R
2019003928,433587,R
2019003929,433587,R
2019003930,608717,R
2019003931,608717,R
2019003932,608717,R
2019003933,433587,R
2019003934,433587,R
2019003935,433587,R
2019003936,433587,R
2019003937,608717,R
2019003938,608717,R
2019003939,608717,R
2019003940,608717,R
2019003941,433587,R
2019003942,433587,R
2019003943,433587,R
2019003944,433587,R
2019003945,433587,R
2019003946,433587,R
2019003947,608717,R
2019003948,608717,R
2019003949,608717,R
2019003950,433587,R
2019003951,433587,R
2019003952,433587,R
2019003953,608717,R
2019003954,608717,R
2019003955,608717,R
2019003956,605121,R
2019003957,605121,R
2019003958,605121,R
2019003959,433587,R
2019003960,433587,R
2019003961,433587,R
2019003962,607473,R
2019003963,605121,R
2019003964,605121,R
2019003965,605121,R
2019003966,621142,R
2019003967,621142,R
2019003968,607473,R
2019003969,573127,L
2019003970,573127,L
2019003971,573127,L
2019003972,570663,R
2019003973,570663,R
2019003974,570663,R
2019003975,570663,R
2019003976,570663,R
2019003977,592135,R
2019003978,592165,R
2019003979,592165,R
2019003980,592165,R
2019003981,592165,R
2019003982,592135,R
2019003983,592135,R
2019003984,592135,R
2019003985,592135,R
2019003986,592135,R
2019003987,606273,L
2019003988,606273,L
2019003989,606273,L
2019003990,621381,L
2019003991,621381,L
2019003992,621381,L
2019003993,621381,L
2019003994,621381,L
2019003995,621381,L
2019003996,518876,R
2019003997,518876,R
2019003998,518876,R
2019003999,518876,R
2019004000,621381,L
2019004001,621381,L
2019004002,621381,L
2019004003,621381,L
2019004004,621381,L
2019004005,621381,L
2019004006,518876,R
2019004007,518876,R
2019004008,518876,R
2019004009,621381,L
2019004010,621381,L
2019004011,621381,L
2019004012,621381,L
2019004013,621381,L
2019004014,572362,L
2019004015,518876,R
2019004016,518876,R
2019004017,518876,R
2019004018,518876,R
2019004019,518876,R
2019004020,572362,L
2019004021,572362,L
2019004022,572362,L
2019004023,518876,R
2019004024,518876,R
2019004025,518876,R
2019004026,572362,L
2019004027,572362,L
2019004028,572362,L
2019004029,572362,L
2019004030,572362,L
2019004031,572362,L
2019004032,572362,L
2019004033,572362,L
2019004034,518876,R
2019004035,518876,R
2019004036,518876,R
2019004037,518876,R
2019004038,664208,R
2019004039,664208,R
2019004040,664208,R
2019004041,518876,R
2019004042,518876,R
2019004043,518876,R
2019004044,518876,R
2019004045,518876,R
2019004046,518876,R
2019004047,664208,R
2019004048,664208,R
2019004049,664208,R
2019004050,664208,R
2019004051,664208,R
2019004052,664208,R
2019004053,641541,R
2019004054,641541,R
2019004055,641541,R
2019004056,664208,R
2019004057,664208,R
2019004058,664208,R
2019004059,664208,R
2019004060,641541,R
2019004061,641541,R
2019004062,641541,R
2019004063,476594,R
2019004064,476594,R
2019004065,476594,R
2019004066,641541,R
2019004067,641541,R
2019004068,641541,R
2019004069,656887,R
2019004070,656887,R
2019004071,656887,R
2019004072,656887,R
2019004073,656887,R
2019004074,656887,R
2019004075,656887,R
2019004076,656887,R
2019004077,656887,R
2019004078,605276,R
2019004079,605276,R
2019004080,605276,R
2019004081,656887,R
2019004082,656887,R
2019004083,656887,R
2019004084,656887,R
2019004085,656887,R
2019004086,605276,R
2019004087,605276,R
2019004088,605276,R
2019004089,623381,L
2019004090,623381,L
2019004091,623381,L
2019004092,605276,R
2019004093,605276,R
2019004094,605276,R
2019004095,623381,L
2019004096,623381,L
2019004097,623381,L
2019004098,605276,R
2019004099,605276,R
2019004100,605276,R
2019004101,605276,R
2019004102,623381,L
2019004103,623381,L
2019004104,623381,L
2019004105,623381,L
2019004106,605276,R
2019004107,605276,R
2019004108,605276,R
2019004109,623381,L
2019004110,623381,L
2019004111,623381,L
2019004112,623381,L
2019004113,605276,R
2019004114,605276,R
2019004115,605276,R
2019004116,543208,R
2019004117,543208,R
2019004118,543208,R
2019004119,543208,R
2019004120,605276,R
2019004121,606478,R
2019004122,606478,R
2019004123,606478,R
2019004124,606478,R
2019004125,543208,R
2019004126,543208,R
2019004127,543208,R
2019004128,605541,R
2019004129,605541,R
2019004130,605541,R
2019004131,605541,R
2019004132,543208,R
2019004133,543208,R
2019004134,543208,R
2019004135,605541,R
2019004136,542947,L
2019004137,542947,L
2019004138,542947,L
2019004139,542947,L
2019004140,542947,L
2019004141,605156,R
2019004142,605156,R
2019004143,605156,R
2019004144,456034,L
2019004145,456034,L
2019004146,456034,L
2019004147,605156,R
2019004148,605156,R
2019004149,605156,R
2019004150,605156,R
2019004151,456034,L
2019004152,456034,L
2019004153,456034,L
2019004154,456034,L
2019004155,605156,R
2019004156,605156,R
2019004157,605156,R
2019004158,456034,L
2019004159,456034,L
2019004160,456034,L
2019004161,456034,L
2019004162,456034,L
2019004163,605156,R
2019004164,605156,R
2019004165,605156,R
2019004166,456034,L
2019004167,456034,L
2019004168,456034,L
2019004169,456034,L
2019004170,456034,L
2019004171,605156,R
2019004172,605156,R
2019004173,605156,R
2019004174,456034,L
2019004175,456034,L
2019004176,456034,L
2019004177,605156,R
2019004178,605156,R
2019004179,605156,R
2019004180,456034,L
2019004181,456034,L
2019004182,456034,L
2019004183,456034,L
2019004184,456034,L
2019004185,488748,L
2019004186,488748,L
2019004187,521230,R
2019004188,521230,R
2019004189,521230,R
2019004190,592804,R
2019004191,592804,R
2019004192,592804,R
2019004193,605525,R
2019004194,605525,R
2019004195,605525,R
2019004196,592390,R
2019004197,592390,R
2019004198,592390,R
2019004199,592390,R
2019004200,592390,R
2019004201,592390,R
2019004202,592390,R
2019004203,592390,R
2019004204,407845,R
2019004205,407845,R
2019004206,407845,R
2019004207,407845,R
2019004208,605182,R
2019004209,605182,R
2019004210,605182,R
2019004211,467100,R
2019004212,467100,R
2019004213,467100,R
2019004214,467100,R
2019004215,467100,R
2019004216,605182,R
2019004217,605182,R
2019004218,605182,R
2019004219,605182,R
2019004220,605182,R
2019004221,467100,R
2019004222,467100,R
2019004223,467100,R
2019004224,605182,R
2019004225,605182,R
2019004226,605182,R
2019004227,467100,R
2019004228,467100,R
2019004229,467100,R
2019004230,605182,R
2019004231,605182,R
2019004232,605182,R
2019004233,467100,R
2019004234,467100,R
2019004235,467100,R
2019004236,467100,R
2019004237,605182,R
2019004238,605182,R
2019004239,605182,R
2019004240,605182,R
2019004241,467100,R
2019004242,467100,R
2019004243,467100,R
2019004244,605182,R
2019004245,605182,R
2019004246,605182,R
2019004247,467100,R
2019004248,467100,R
2019004249,467100,R
2019004250,467100,R
2019004251,467100,R
2019004252,605182,R
2019004253,605182,R
2019004254,605182,R
2019004255,605182,R
2019004256,467100,R
2019004257,467100,R
2019004258,467100,R
2019004259,467100,R
2019004260,643256,R
2019004261,643256,R
2019004262,424144,L
2019004263,457754,R
2019004264,457754,R
2019004265,457754,R
2019004266,457754,R
2019004267,605240,L
2019004268,605240,L
2019004269,605240,L
2019004270,592229,R
2019004271,592229,R
2019004272,592229,R
2019004273,592229,R
2019004274,621350,L
2019004275,621350,L
2019004276,621350,L
2019004277,543272,L
2019004278,543272,L
2019004279,543272,L
2019004280,543272,L
2019004281,656794,L
2019004282,656794,L
2019004283,656794,L
2019004284,656794,L
2019004285,543294,R
2019004286,543294,R
2019004287,543294,R
2019004288,543294,R
2019004289,543294,R
2019004290,543294,R
2019004291,543294,R
2019004292,543294,R
2019004293,656794,L
2019004294,656794,L
2019004295,656794,L
2019004296,656794,L
2019004297,656794,L
2019004298,543294,R
2019004299,543294,R
2019004300,543294,R
2019004301,543294,R
2019004302,656794,L
2019004303,656794,L
2019004304,656794,L
2019004305,656794,L
2019004306,656794,L
2019004307,656794,L
2019004308,543294,R
2019004309,543294,R
2019004310,543294,R
2019004311,543294,R
2019004312,543294,R
2019004313,656794,L
2019004314,656794,L
2019004315,656794,L
2019004316,656794,L
2019004317,656794,L
2019004318,543294,R
2019004319,543294,R
2019004320,543294,R
2019004321,543294,R
2019004322,656794,L
2019004323,641149,R
2019004324,641149,R
2019004325,641149,R
2019004326,543294,R
2019004327,543294,R
2019004328,543294,R
2019004329,543294,R
2019004330,543294,R
2019004331,445213,R
2019004332,445213,R
2019004333,592145,L
2019004334,592145,L
2019004335,592145,L
2019004336,592145,L
2019004337,600968,L
2019004338,600968,L
2019004339,600968,L
2019004340,600968,L
2019004341,600968,L
2019004342,600968,L
2019004343,592145,L
2019004344,592145,L
2019004345,592145,L
2019004346,605218,R
2019004347,605218,R
2019004348,605218,R
2019004349,605218,R
2019004350,656977,R
2019004351,656977,R
2019004352,656977,R
2019004353,542960,R
2019004354,542960,R
2019004355,542960,R
2019004356,542960,R
2019004357,542960,R
2019004358,527055,R
2019004359,527055,R
2019004360,527055,R
2019004361,592773,R
2019004362,592773,R
2019004363,592773,R
2019004364,592773,R
2019004365,518452,R
2019004366,518452,R
2019004367,518452,R
2019004368,518452,R
2019004369,642232,L
2019004370,642232,L
2019004371,642232,L
2019004372,518452,R
2019004373,518452,R
2019004374,518452,R
2019004375,642232,L
2019004376,642232,L
2019004377,642232,L
2019004378,518452,R
2019004379,518452,R
2019004380,518452,R
2019004381,518452,R
2019004382,642232,L
2019004383,642232,L
2019004384,642232,L
2019004385,642232,L
2019004386,518452,R
2019004387,518452,R
2019004388,518452,R
2019004389,518452,R
2019004390,518452,R
2019004391,518452,R
2019004392,518452,R
2019004393,642232,L
2019004394,642232,L
2019004395,642232,L
2019004396,518452,R
2019004397,518452,R
2019004398,518452,R
2019004399,642232,L
2019004400,642232,L
2019004401,642232,L
2019004402,521655,R
2019004403,521655,R
2019004404,656222,L
2019004405,518452,R
2019004406,518452,R
2019004407,518452,R
2019004408,518452,R
2019004409,518452,R
2019004410,518452,R
2019004411,597113,R
2019004412,656222,L
2019004413,656222,L
2019004414,656222,L
2019004415,656222,L
2019004416,597113,R
2019004417,597113,R
2019004418,597113,R
2019004419,597113,R
2019004420,459429,L
2019004421,459429,L
2019004422,621237,L
2019004423,621237,L
2019004424,621237,L
2019004425,621237,L
2019004426,459429,L
2019004427,459429,L
2019004428,543766,R
2019004429,650895,R
2019004430,650895,R
2019004431,650895,R
2019004432,593334,R
2019004433,593334,R
2019004434,593334,R
2019004435,593334,R
2019004436,593334,R
2019004437,475115,R
2019004438,475115,R
2019004439,475115,R
2019004440,475115,R
2019004441,593334,R
2019004442,593334,R
2019004443,593334,R
2019004444,475115,R
2019004445,475115,R
2019004446,475115,R
2019004447,475115,R
2019004448,475115,R
2019004449,593334,R
2019004450,593334,R
2019004451,593334,R
2019004452,593334,R
2019004453,593334,R
2019004454,475115,R
2019004455,475115,R
2019004456,475115,R
2019004457,475115,R
2019004458,475115,R
2019004459,475115,R
2019004460,593334,R
2019004461,593334,R
2019004462,593334,R
2019004463,593334,R
2019004464,593334,R
2019004465,475115,R
2019004466,475115,R
2019004467,475115,R
2019004468,593334,R
2019004469,593334,R
2019004470,593334,R
2019004471,475115,R
2019004472,475115,R
2019004473,475115,R
2019004474,475115,R
2019004475,475115,R
2019004476,643338,R
2019004477,643338,R
2019004478,643338,R
2019004479,543278,L
2019004480,543278,L
2019004481,543278,L
2019004482,502154,L
2019004483,502154,L
2019004484,502154,L
2019004485,502154,L
2019004486,543278,L
2019004487,543278,L
2019004488,657585,R
2019004489,657585,R
2019004490,493603,R
2019004491,493603,R
2019004492,493603,R
2019004493,493603,R
2019004494,493603,R
2019004495,657585,R
2019004496,657585,R
2019004497,657585,R
2019004498,547973,L
2019004499,547973,L
2019004500,547973,L
2019004501,592767,L
2019004502,592767,L
2019004503,592767,L
2019004504,592767,L
2019004505,592767,L
2019004506,502748,R
2019004507,502748,R
2019004508,502748,R
2019004509,592767,L
2019004510,592767,L
2019004511,592767,L
2019004512,592767,L
2019004513,592767,L
2019004514,502748,R
2019004515,502748,R
2019004516,502748,R
2019004517,592767,L
2019004518,592767,L
2019004519,592767,L
2019004520,592767,L
2019004521,592767,L
2019004522,502748,R
2019004523,502748,R
2019004524,502748,R
2019004525,502748,R
2019004526,592716,R
2019004527,592716,R
2019004528,592716,R
2019004529,502748,R
2019004530,502748,R
2019004531,502748,R
2019004532,592716,R
2019004533,592716,R
2019004534,592716,R
2019004535,592716,R
2019004536,502748,R
2019004537,502748,R
2019004538,502748,R
2019004539,592716,R
2019004540,592716,R
2019004541,592716,R
2019004542,592716,R
2019004543,592716,R
2019004544,502748,R
2019004545,502748,R
2019004546,502748,R
2019004547,592716,R
2019004548,592716,R
2019004549,592716,R
2019004550,592716,R
2019004551,502748,R
2019004552,502748,R
2019004553,519151,R
2019004554,592716,R
2019004555,592716,R
2019004556,592716,R
2019004557,592716,R
2019004558,519151,R
2019004559,519151,R
2019004560,519151,R
2019004561,592716,R
2019004562,592716,R
2019004563,592716,R
2019004564,532077,R
2019004565,532077,R
2019004566,532077,R
2019004567,543699,R
2019004568,543699,R
2019004569,543699,R
2019004570,543699,R
2019004571,543699,R
2019004572,543699,R
2019004573,543699,R
2019004574,543699,R
2019004575,543699,R
2019004576,605200,R
2019004577,605200,R
2019004578,605200,R
2019004579,605200,R
2019004580,605200,R
2019004581,605200,R
2019004582,543699,R
2019004583,543699,R
2019004584,543699,R
2019004585,605200,R
2019004586,605200,R
2019004587,605200,R
2019004588,543699,R
2019004589,543699,R
2019004590,543699,R
2019004591,605200,R
2019004592,605200,R
2019004593,605200,R
2019004594,605200,R
2019004595,543699,R
2019004596,543699,R
2019004597,543699,R
2019004598,543699,R
2019004599,543699,R
2019004600,605200,R
2019004601,605200,R
2019004602,605200,R
2019004603,605200,R
2019004604,543699,R
2019004605,607237,L
2019004606,607237,L
2019004607,607237,L
2019004608,605200,R
2019004609,605200,R
2019004610,605200,R
2019004611,605200,R
2019004612,605200,R
2019004613,605200,R
2019004614,607237,L
2019004615,607237,L
2019004616,607237,L
2019004617,607237,L
2019004618,592222,L
2019004619,592222,L
2019004620,592222,L
2019004621,592222,L
2019004622,592222,L
2019004623,435043,L
2019004624,435043,L
2019004625,435043,L
2019004626,592222,L
2019004627,543935,R
2019004628,543935,R
2019004629,456696,R
2019004630,456696,R
2019004631,456696,R
2019004632,456696,R
2019004633,543935,R
2019004634,543935,R
2019004635,543935,R
2019004636,543935,R
2019004637,628452,R
2019004638,628452,R
2019004639,628452,R
2019004640,628452,R
2019004641,628452,R
2019004642,628452,R
2019004643,623352,L
2019004644,623352,L
2019004645,623352,L
2019004646,623352,L
2019004647,592761,L
2019004648,592761,L
2019004649,592761,L
2019004650,571927,L
2019004651,571927,L
2019004652,571927,L
2019004653,571927,L
2019004654,571927,L
2019004655,592761,L
2019004656,592761,L
2019004657,592761,L
2019004658,592761,L
2019004659,592761,L
2019004660,592761,L
2019004661,571927,L
2019004662,571927,L
2019004663,571927,L
2019004664,592761,L
2019004665,592761,L
2019004666,592761,L
2019004667,571927,L
2019004668,571927,L
2019004669,571927,L
2019004670,592761,L
2019004671,592761,L
2019004672,592761,L
2019004673,592761,L
2019004674,592761,L
2019004675,571927,L
2019004676,571927,L
2019004677,571927,L
2019004678,592761,L
2019004679,592761,L
2019004680,592761,L
2019004681,571927,L
2019004682,571927,L
2019004683,571927,L
2019004684,571927,L
2019004685,623433,R
2019004686,623433,R
2019004687,623433,R
2019004688,623433,R
2019004689,623433,R
2019004690,571927,L
2019004691,571927,L
2019004692,571927,L
2019004693,571927,L
2019004694,623402,R
2019004695,641755,R
2019004696,641755,R
2019004697,641755,R
2019004698,641755,R
2019004699,623402,R
2019004700,623402,R
2019004701,623402,R
2019004702,623402,R
2019004703,543045,L
2019004704,543045,L
2019004705,543045,L
2019004706,543045,L
2019004707,544727,R
2019004708,544727,R
2019004709,544727,R
2019004710,608716,R
2019004711,608716,R
2019004712,608716,R
2019004713,608716,R
2019004714,608716,R
2019004715,608716,R
2019004716,608716,R
2019004717,621242,R
2019004718,621242,R
2019004719,621242,R
2019004720,621242,R
2019004721,621242,R
2019004722,621242,R
2019004723,628711,L
2019004724,628711,L
2019004725,628711,L
2019004726,519141,L
2019004727,519141,L
2019004728,519141,L
2019004729,519141,L
2019004730,628711,L
2019004731,628711,L
2019004732,628711,L
2019004733,519141,L
2019004734,519141,L
2019004735,519141,L
2019004736,519141,L
2019004737,628711,L
2019004738,628711,L
2019004739,628711,L
2019004740,628711,L
2019004741,628711,L
2019004742,519141,L
2019004743,519141,L
2019004744,519141,L
2019004745,519141,L
2019004746,628711,L
2019004747,628711,L
2019004748,628711,L
2019004749,628711,L
2019004750,519141,L
2019004751,519141,L
2019004752,519141,L
2019004753,628711,L
2019004754,628711,L
2019004755,628711,L
2019004756,628711,L
2019004757,519141,L
2019004758,519141,L
2019004759,519141,L
2019004760,519141,L
2019004761,519141,L
2019004762,519141,L
2019004763,523260,R
2019004764,523260,R
2019004765,523260,R
2019004766,523260,R
2019004767,641627,R
2019004768,641627,R
2019004769,641627,R
2019004770,523260,R
2019004771,523260,R
2019004772,523260,R
2019004773,523260,R
2019004774,523260,R
2019004775,518397,L
2019004776,571670,R
2019004777,453343,R
2019004778,453343,R
2019004779,453343,R
2019004780,520980,R
2019004781,520980,R
2019004782,520980,R
2019004783,453265,L
2019004784,453265,L
2019004785,453265,L
2019004786,520980,R
2019004787,520980,R
2019004788,520980,R
2019004789,520980,R
2019004790,519293,L
2019004791,519293,L
2019004792,519293,L
2019004793,519293,L
2019004794,502042,R
2019004795,502042,R
2019004796,502042,R
2019004797,502042,R
2019004798,425794,R
2019004799,425794,R
2019004800,425794,R
2019004801,425794,R
2019004802,425794,R
2019004803,425794,R
2019004804,425794,R
2019004805,502042,R
2019004806,502042,R
2019004807,502042,R
2019004808,502042,R
2019004809,425794,R
2019004810,425794,R
2019004811,425794,R
2019004812,502042,R
2019004813,502042,R
2019004814,502042,R
2019004815,502042,R
2019004816,502042,R
2019004817,425794,R
2019004818,425794,R
2019004819,425794,R
2019004820,425794,R
2019004821,425794,R
2019004822,425794,R
2019004823,502042,R
2019004824,502042,R
2019004825,502042,R
2019004826,502042,R
2019004827,425794,R
2019004828,425794,R
2019004829,425794,R
2019004830,502042,R
2019004831,502042,R
2019004832,502042,R
2019004833,502042,R
2019004834,605154,R
2019004835,605154,R
2019004836,605154,R
2019004837,605195,R
2019004838,605195,R
2019004839,605195,R
2019004840,605154,R
2019004841,605154,R
2019004842,605154,R
2019004843,605154,R
2019004844,593144,R
2019004845,593144,R
2019004846,593144,R
2019004847,593144,R
2019004848,434538,L
2019004849,605309,R
2019004850,605309,R
2019004851,605309,R
2019004852,605309,R
2019004853,608678,R
2019004854,608678,R
2019004855,608678,R
2019004856,453192,L
2019004857,453192,L
2019004858,594577,R
2019004859,595897,R
2019004860,595897,R
2019004861,595897,R
2019004862,595897,R
2019004863,553878,L
2019004864,594577,R
2019004865,594577,R
2019004866,594577,R
2019004867,594577,R
2019004868,594577,R
2019004869,594577,R
2019004870,553878,L
2019004871,553878,L
2019004872,553878,L
2019004873,553878,L
2019004874,553878,L
2019004875,663855,R
2019004876,663855,R
2019004877,663855,R
2019004878,643230,L
2019004879,643230,L
2019004880,643230,L
2019004881,663855,R
2019004882,663855,R
2019004883,663855,R
2019004884,643230,L
2019004885,643230,L
2019004886,643230,L
2019004887,643230,L
2019004888,643230,L
2019004889,592468,R
2019004890,607231,R
2019004891,607231,R
2019004892,607231,R
2019004893,594835,L
2019004894,594835,L
2019004895,594835,L
2019004896,594835,L
2019004897,502239,R
2019004898,502239,R
2019004899,502239,R
2019004900,594835,L
2019004901,594835,L
2019004902,594835,L
2019004903,594835,L
2019004904,502239,R
2019004905,502239,R
2019004906,502239,R
2019004907,594835,L
2019004908,594835,L
2019004909,594835,L
2019004910,502239,R
2019004911,502239,R
2019004912,502239,R
2019004913,502239,R
2019004914,594835,L
2019004915,594835,L
2019004916,594835,L
2019004917,502239,R
2019004918,502239,R
2019004919,502239,R
2019004920,594835,L
2019004921,594835,L
2019004922,594835,L
2019004923,502239,R
2019004924,502239,R
2019004925,502239,R
2019004926,594835,L
2019004927,594835,L
2019004928,594835,L
2019004929,502239,R
2019004930,502239,R
2019004931,502239,R
2019004932,502239,R
2019004933,502239,R
2019004934,594835,L
2019004935,594835,L
2019004936,594835,L
2019004937,594835,L
2019004938,605121,R
2019004939,605121,R
2019004940,605121,R
2019004941,594835,L
2019004942,594835,L
2019004943,594835,L
2019004944,472610,R
2019004945,472610,R
2019004946,472610,R
2019004947,472610,R
2019004948,472610,R
2019004949,594835,L
2019004950,594835,L
2019004951,594835,L
2019004952,461872,R
2019004953,461872,R
2019004954,641778,L
2019004955,641778,L
2019004956,641778,L
2019004957,641778,L
2019004958,641778,L
2019004959,425844,R
2019004960,425844,R
2019004961,425844,R
2019004962,425844,R
2019004963,425844,R
2019004964,425844,R
2019004965,641778,L
2019004966,641778,L
2019004967,641778,L
2019004968,641778,L
2019004969,425844,R
2019004970,425844,R
2019004971,425844,R
2019004972,425844,R
2019004973,425844,R
2019004974,641778,L
2019004975,641778,L
2019004976,641778,L
2019004977,641778,L
2019004978,425844,R
2019004979,425844,R
2019004980,425844,R
2019004981,641778,L
2019004982,641778,L
2019004983,641778,L
2019004984,641778,L
2019004985,641778,L
2019004986,641778,L
2019004987,641778,L
2019004988,641778,L
2019004989,425844,R
2019004990,425844,R
2019004991,425844,R
2019004992,641778,L
2019004993,641778,L
2019004994,641778,L
2019004995,641778,L
2019004996,425844,R
2019004997,425844,R
2019004998,425844,R
2019004999,476589,R
2019005000,476589,R
2019005001,476589,R
2019005002,476589,R
2019005003,476589,R
2019005004,476589,R
2019005005,425844,R
2019005006,425844,R
2019005007,425844,R
2019005008,425844,R
2019005009,476589,R
2019005010,476589,R
2019005011,476589,R
2019005012,476589,R
2019005013,476589,R
2019005014,605177,L
2019005015,605177,L
2019005016,605177,L
2019005017,605177,L
2019005018,605177,L
2019005019,661255,R
2019005020,622259,R
2019005021,622259,R
2019005022,622259,R
2019005023,622259,R
2019005024,622259,R
2019005025,622259,R
2019005026,605151,R
2019005027,605151,R
2019005028,605151,R
2019005029,605151,R
2019005030,605151,R
2019005031,571901,L
2019005032,571901,L
2019005033,571901,L
2019005034,518813,R
2019005035,518813,R
2019005036,518813,R
2019005037,518813,R
2019005038,573186,R
2019005039,573186,R
2019005040,573186,R
2019005041,488768,R
2019005042,488768,R
2019005043,488768,R
2019005044,573186,R
2019005045,573186,R
2019005046,573186,R
2019005047,573186,R
2019005048,488768,R
2019005049,488768,R
2019005050,488768,R
2019005051,488768,R
2019005052,573186,R
2019005053,573186,R
2019005054,573186,R
2019005055,573186,R
2019005056,488768,R
2019005057,488768,R
2019005058,488768,R
2019005059,573186,R
2019005060,573186,R
2019005061,573186,R
2019005062,573186,R
2019005063,488768,R
2019005064,488768,R
2019005065,488768,R
2019005066,488768,R
2019005067,573186,R
2019005068,573186,R
2019005069,573186,R
2019005070,573186,R
2019005071,488768,R
2019005072,488768,R
2019005073,488768,R
2019005074,488768,R
2019005075,573186,R
2019005076,573186,R
2019005077,573186,R
2019005078,573186,R
2019005079,573186,R
2019005080,641835,L
2019005081,488768,R
2019005082,488768,R
2019005083,488768,R
2019005084,488768,R
2019005085,488768,R
2019005086,488768,R
2019005087,641835,L
2019005088,641835,L
2019005089,641835,L
2019005090,643316,L
2019005091,643316,L
2019005092,643316,L
2019005093,643316,L
2019005094,543339,R
2019005095,543339,R
2019005096,543339,R
2019005097,643316,L
2019005098,643316,L
2019005099,643316,L
2019005100,457915,R
2019005101,457915,R
2019005102,457915,R
2019005103,457915,R
2019005104,457915,R
2019005105,612434,R
